-- phpMyAdmin SQL Dump
-- version 4.0.6
-- http://www.phpmyadmin.net
--
-- Host: localhost:3307
-- Generation Time: Nov 15, 2013 at 11:29 AM
-- Server version: 5.5.32-MariaDB
-- PHP Version: 5.4.7

SET SQL_MODE = "NO_AUTO_VALUE_ON_ZERO";
SET time_zone = "+00:00";


/*!40101 SET @OLD_CHARACTER_SET_CLIENT=@@CHARACTER_SET_CLIENT */;
/*!40101 SET @OLD_CHARACTER_SET_RESULTS=@@CHARACTER_SET_RESULTS */;
/*!40101 SET @OLD_COLLATION_CONNECTION=@@COLLATION_CONNECTION */;
/*!40101 SET NAMES utf8 */;

--
-- Database: `bo_echart`
--

-- --------------------------------------------------------

--
-- Table structure for table `event_categories`
--

CREATE TABLE IF NOT EXISTS `event_categories` (
  `id` int(11) NOT NULL AUTO_INCREMENT,
  `event_id` int(11) NOT NULL,
  `category` text NOT NULL,
  `created_at` timestamp NOT NULL DEFAULT CURRENT_TIMESTAMP,
  PRIMARY KEY (`id`)
) ENGINE=InnoDB  DEFAULT CHARSET=utf8 AUTO_INCREMENT=32 ;

--
-- Dumping data for table `event_categories`
--

INSERT INTO `event_categories` (`id`, `event_id`, `category`, `created_at`) VALUES
(11, 4, 'Anime', '2013-11-10 15:37:50'),
(12, 4, 'Manga', '2013-11-10 15:37:52'),
(13, 4, 'Cosplay', '2013-11-10 15:37:53'),
(25, 2, 'Manga', '2013-11-14 04:44:40'),
(26, 2, 'Cosplay', '2013-11-14 04:44:41'),
(29, 2, 'Anime', '2013-11-14 06:50:39'),
(30, 3, 'Anime', '2013-11-14 10:15:05'),
(31, 3, 'Cosplay', '2013-11-14 10:15:05');

-- --------------------------------------------------------

--
-- Table structure for table `event_guests`
--

CREATE TABLE IF NOT EXISTS `event_guests` (
  `id` int(11) NOT NULL AUTO_INCREMENT,
  `event_id` int(11) NOT NULL,
  `name` text NOT NULL,
  `type` text NOT NULL,
  `created_at` timestamp NOT NULL DEFAULT CURRENT_TIMESTAMP,
  PRIMARY KEY (`id`)
) ENGINE=InnoDB  DEFAULT CHARSET=utf8 AUTO_INCREMENT=12 ;

--
-- Dumping data for table `event_guests`
--

INSERT INTO `event_guests` (`id`, `event_id`, `name`, `type`, `created_at`) VALUES
(2, 2, 'Joe Inoue', 'singer artist', '2013-11-10 14:12:05'),
(5, 2, 'Alodia Gosengfiao', 'cosplayer', '2013-11-10 14:13:27'),
(6, 2, 'Ashley Gosengfiao', 'cosplayer', '2013-11-10 14:13:36'),
(7, 2, 'Jiaki Darkness', 'cosplayer', '2013-11-10 14:13:51'),
(8, 2, 'Yuuki Godbless', 'cosplayer', '2013-11-10 14:13:58'),
(9, 3, 'May&#039;n', 'singer artist', '2013-11-13 04:47:44'),
(10, 3, 'Alodia Gosenfiao', 'cosplayer', '2013-11-14 10:15:45'),
(11, 3, 'Ashley Gosenfiao', 'cosplayer', '2013-11-14 10:15:50');

-- --------------------------------------------------------

--
-- Table structure for table `event_instagrams`
--

CREATE TABLE IF NOT EXISTS `event_instagrams` (
  `id` int(11) NOT NULL AUTO_INCREMENT,
  `event_id` int(11) NOT NULL,
  `timestamp` bigint(20) NOT NULL,
  `img_thumb` text NOT NULL,
  `img_mid` text NOT NULL,
  `img_large` text NOT NULL,
  `username` text NOT NULL,
  `user_img` text NOT NULL,
  `caption` text CHARACTER SET utf8mb4 NOT NULL,
  `created_at` timestamp NOT NULL DEFAULT CURRENT_TIMESTAMP,
  PRIMARY KEY (`id`)
) ENGINE=InnoDB  DEFAULT CHARSET=utf8 AUTO_INCREMENT=115 ;

--
-- Dumping data for table `event_instagrams`
--

INSERT INTO `event_instagrams` (`id`, `event_id`, `timestamp`, `img_thumb`, `img_mid`, `img_large`, `username`, `user_img`, `caption`, `created_at`) VALUES
(25, 2, 1383414784, 'http://distilleryimage7.s3.amazonaws.com/9fba203443e711e3974722000aeb0b5a_5.jpg', 'http://distilleryimage7.s3.amazonaws.com/9fba203443e711e3974722000aeb0b5a_6.jpg', 'http://distilleryimage7.s3.amazonaws.com/9fba203443e711e3974722000aeb0b5a_7.jpg', 'kawaiikallen', 'http://images.ak.instagram.com/profiles/profile_271964250_75sq_1368146074.jpg', '#JoeInuoe #Bestofanime2013', '2013-11-15 08:35:52'),
(26, 2, 1383300177, 'http://distilleryimage2.s3.amazonaws.com/c871801e42dc11e38c3f22000ae800af_5.jpg', 'http://distilleryimage2.s3.amazonaws.com/c871801e42dc11e38c3f22000ae800af_6.jpg', 'http://distilleryimage2.s3.amazonaws.com/c871801e42dc11e38c3f22000ae800af_8.jpg', 'sabbie35', 'http://images.ak.instagram.com/profiles/profile_370810251_75sq_1381534635.jpg', 'Beautiful cosplayer. #cosplay  #bestofanime2013', '2013-11-15 08:35:52'),
(27, 2, 1383300051, 'http://distilleryimage9.s3.amazonaws.com/7d80766e42dc11e39bd922000a1f9cb2_5.jpg', 'http://distilleryimage9.s3.amazonaws.com/7d80766e42dc11e39bd922000a1f9cb2_6.jpg', 'http://distilleryimage9.s3.amazonaws.com/7d80766e42dc11e39bd922000a1f9cb2_8.jpg', 'sabbie35', 'http://images.ak.instagram.com/profiles/profile_370810251_75sq_1381534635.jpg', 'Mikasa. #cosplay #shingekinokyojin #bestofanime2013', '2013-11-15 08:35:52'),
(28, 2, 1382885914, 'http://distilleryimage3.s3.amazonaws.com/40a21a583f1811e3942f22000a9f140e_5.jpg', 'http://distilleryimage3.s3.amazonaws.com/40a21a583f1811e3942f22000a9f140e_6.jpg', 'http://distilleryimage3.s3.amazonaws.com/40a21a583f1811e3942f22000a9f140e_8.jpg', 'jomaaa_oropesa', 'http://images.ak.instagram.com/profiles/profile_335032950_75sq_1382886242.jpg', 'With Joe Inoue #BestOfAnime2013 throwback', '2013-11-15 08:35:52'),
(29, 2, 1382653255, 'http://distilleryimage4.s3.amazonaws.com/8d109da83cfa11e3899a22000a9f4dc8_5.jpg', 'http://distilleryimage4.s3.amazonaws.com/8d109da83cfa11e3899a22000a9f4dc8_6.jpg', 'http://distilleryimage4.s3.amazonaws.com/8d109da83cfa11e3899a22000a9f4dc8_7.jpg', 'misakineverland', 'http://images.ak.instagram.com/profiles/profile_307792642_75sq_1383135023.jpg', 'This dude just asked a picture with me last BoA. \nA few people did but this one was one after another. \nI felt so wanted~ >_< \nAnd I had a dream last night where… I had braces. ?\nDunno where that came from. \nThis pic is pretty cool~\n\n#cosplay #cosplayers #trafalgarlaw #boa2013', '2013-11-15 08:35:52'),
(30, 2, 1382597652, 'http://distilleryimage6.s3.amazonaws.com/16fcd3ec3c7911e38c3f22000ae800af_5.jpg', 'http://distilleryimage6.s3.amazonaws.com/16fcd3ec3c7911e38c3f22000ae800af_6.jpg', 'http://distilleryimage6.s3.amazonaws.com/16fcd3ec3c7911e38c3f22000ae800af_8.jpg', 'ayihmellark', 'http://images.ak.instagram.com/profiles/profile_145369414_75sq_1379734437.jpg', '"I-it''s not that I want to kill you or anything... Baka!" - Tsundere Slenderman \nHahaha. Tsundere. <3 #slenderman #boa #tsundere #instadaily #igersmanila #picoftheday #bestofanime2013 #smx #instagood #photooftheday', '2013-11-15 08:35:52'),
(31, 2, 1382356755, 'http://distilleryimage7.s3.amazonaws.com/3566a71e3a4811e39b6c22000ab5c529_5.jpg', 'http://distilleryimage7.s3.amazonaws.com/3566a71e3a4811e39b6c22000ab5c529_6.jpg', 'http://distilleryimage7.s3.amazonaws.com/3566a71e3a4811e39b6c22000ab5c529_8.jpg', 'edgarluvitug', 'http://images.ak.instagram.com/profiles/profile_272910052_75sq_1356415031.jpg', 'Hanji Zoe (The Titan Loving Maniac) #hanji #attackontitan #titan #shingekinokyojin #shingeki #cosplay #boa2013 #bestofanime #bestofanime2013', '2013-11-15 08:35:52'),
(32, 2, 1382085067, 'http://distilleryimage6.s3.amazonaws.com/a246ccea37cf11e38ad922000aeb0eae_5.jpg', 'http://distilleryimage6.s3.amazonaws.com/a246ccea37cf11e38ad922000aeb0eae_6.jpg', 'http://distilleryimage6.s3.amazonaws.com/a246ccea37cf11e38ad922000aeb0eae_8.jpg', 'ayihmellark', 'http://images.ak.instagram.com/profiles/profile_145369414_75sq_1379734437.jpg', 'Hiii @riggidigg and Czarina! Ka-miss. ??#throwbacknotthursday #bestofanime2013 #smx', '2013-11-15 08:35:52'),
(33, 2, 1381995065, 'http://distilleryimage7.s3.amazonaws.com/1532df3236fe11e3be9f22000aaa056b_5.jpg', 'http://distilleryimage7.s3.amazonaws.com/1532df3236fe11e3be9f22000aaa056b_6.jpg', 'http://distilleryimage7.s3.amazonaws.com/1532df3236fe11e3be9f22000aaa056b_7.jpg', 'justlikecarlo', 'http://images.ak.instagram.com/profiles/profile_260253636_75sq_1381286876.jpg', '#throwbackthursday to Best of Anime 2013. Seriously, though. Why did I wore this in the first place? XD #costrip #wig #boa2013 #bestofanime2013 #nekomimi', '2013-11-15 08:35:52'),
(34, 2, 1381811376, 'http://distilleryimage2.s3.amazonaws.com/66161e4e355211e3a68422000a1fb163_5.jpg', 'http://distilleryimage2.s3.amazonaws.com/66161e4e355211e3a68422000a1fb163_6.jpg', 'http://distilleryimage2.s3.amazonaws.com/66161e4e355211e3a68422000a1fb163_8.jpg', 'karmytan', 'http://images.ak.instagram.com/profiles/profile_242573093_75sq_1366703883.jpg', 'Cutie pie! #gokucosplay#goku#cutekid#throwback#bestofanime2013#boa2013#dragonball#cosplay', '2013-11-15 08:35:52'),
(35, 2, 1381753830, 'http://distilleryimage1.s3.amazonaws.com/6a1f7f7a34cc11e38d2722000a1f8fa0_5.jpg', 'http://distilleryimage1.s3.amazonaws.com/6a1f7f7a34cc11e38d2722000a1f8fa0_6.jpg', 'http://distilleryimage1.s3.amazonaws.com/6a1f7f7a34cc11e38d2722000a1f8fa0_8.jpg', 'kawarahitsuka', 'http://images.ak.instagram.com/profiles/profile_259361690_75sq_1381670372.jpg', 'I miss my neechan :( here is our pic together last BoA. *A*\n\nMe as jaibo and Neechan as this beautiful Asuna :3 \n#anime #bestofanime2013 #jaibo #LitchiHikariClub  #asuna #swordartonline #cosplay #girlsss #neechan', '2013-11-15 08:35:52'),
(36, 2, 1381573975, 'http://distilleryimage7.s3.amazonaws.com/a828e026332911e38efa22000a1fbd9c_5.jpg', 'http://distilleryimage7.s3.amazonaws.com/a828e026332911e38efa22000a1fbd9c_6.jpg', 'http://distilleryimage7.s3.amazonaws.com/a828e026332911e38efa22000a1fbd9c_7.jpg', 'tattooedkittie', 'http://images.ak.instagram.com/profiles/profile_425779370_75sq_1381575363.jpg', '#tattooedkittie #kendyshoptattooandbodypiercing #tattoo #art #inkaddicts #inkedwomen #inkedbabes #tattooedladies #girlswithtattoos #girls #bestofanime #bestofanime2013 #mikuhatsune #cosplay #fashion #shockmansion #selfie #dollymagazine #doll #dutdutan13 #tribalph #tattooedladies', '2013-11-15 08:35:52'),
(37, 2, 1381544025, 'http://distilleryimage11.s3.amazonaws.com/ec92c9b632e311e3896e22000ab4828b_5.jpg', 'http://distilleryimage11.s3.amazonaws.com/ec92c9b632e311e3896e22000ab4828b_6.jpg', 'http://distilleryimage11.s3.amazonaws.com/ec92c9b632e311e3896e22000ab4828b_7.jpg', 'theennalezyaj', 'http://images.ak.instagram.com/profiles/profile_20155584_75sq_1377518948.jpg', 'Panty and Stocking Anarchy cosplay last #BestofAnime2013 :)', '2013-11-15 08:35:52'),
(38, 2, 1381503176, 'http://distilleryimage9.s3.amazonaws.com/d052b6d0328411e3bb6b22000a9f3c09_5.jpg', 'http://distilleryimage9.s3.amazonaws.com/d052b6d0328411e3bb6b22000a9f3c09_6.jpg', 'http://distilleryimage9.s3.amazonaws.com/d052b6d0328411e3bb6b22000a9f3c09_7.jpg', 'tcha14', 'http://images.ak.instagram.com/profiles/profile_23765016_75sq_1384012628.jpg', 'Pinoy VAs FTW!!! #doraemon #pinoydubbers #BestOfAnime2013 #boa2013', '2013-11-15 08:35:52'),
(39, 2, 1380817184, 'http://distilleryimage9.s3.amazonaws.com/9d3621e42c4711e39b5c22000ae8144f_5.jpg', 'http://distilleryimage9.s3.amazonaws.com/9d3621e42c4711e39b5c22000ae8144f_6.jpg', 'http://distilleryimage9.s3.amazonaws.com/9d3621e42c4711e39b5c22000ae8144f_7.jpg', 'darafloresca', 'http://images.ak.instagram.com/profiles/profile_552437509_75sq_1382941165.jpg', '#bestofanime2013 #mikasaackermancosplayer #cosplay #mikasaackermancosplay #shingekinokyojincosplay', '2013-11-15 08:35:52'),
(40, 2, 1380817130, 'http://distilleryimage2.s3.amazonaws.com/7d4400402c4711e3b50722000a1fbd1f_5.jpg', 'http://distilleryimage2.s3.amazonaws.com/7d4400402c4711e3b50722000a1fbd1f_6.jpg', 'http://distilleryimage2.s3.amazonaws.com/7d4400402c4711e3b50722000a1fbd1f_7.jpg', 'darafloresca', 'http://images.ak.instagram.com/profiles/profile_552437509_75sq_1382941165.jpg', '#bestofanime2013 #mikasaackermancosplayer #cosplay #mikasaackermancosplay #shingekinokyojincosplay', '2013-11-15 08:35:52'),
(41, 2, 1380817092, 'http://distilleryimage2.s3.amazonaws.com/66a2e5542c4711e389f722000ae91416_5.jpg', 'http://distilleryimage2.s3.amazonaws.com/66a2e5542c4711e389f722000ae91416_6.jpg', 'http://distilleryimage2.s3.amazonaws.com/66a2e5542c4711e389f722000ae91416_7.jpg', 'darafloresca', 'http://images.ak.instagram.com/profiles/profile_552437509_75sq_1382941165.jpg', '#bestofanime2013 #mikasaackermancosplayer #cosplay #mikasaackermancosplay #shingekinokyojincosplay', '2013-11-15 08:35:52'),
(42, 2, 1380817058, 'http://distilleryimage6.s3.amazonaws.com/524476542c4711e3bb6522000ae80da8_5.jpg', 'http://distilleryimage6.s3.amazonaws.com/524476542c4711e3bb6522000ae80da8_6.jpg', 'http://distilleryimage6.s3.amazonaws.com/524476542c4711e3bb6522000ae80da8_7.jpg', 'darafloresca', 'http://images.ak.instagram.com/profiles/profile_552437509_75sq_1382941165.jpg', '#bestofanime2013 #mikasaackermancosplayer #cosplay #mikasaackermancosplay #shingekinokyojincosplay', '2013-11-15 08:35:52'),
(43, 2, 1380817021, 'http://distilleryimage11.s3.amazonaws.com/3bfb58222c4711e3af4522000a1f8f13_5.jpg', 'http://distilleryimage11.s3.amazonaws.com/3bfb58222c4711e3af4522000a1f8f13_6.jpg', 'http://distilleryimage11.s3.amazonaws.com/3bfb58222c4711e3af4522000a1f8f13_7.jpg', 'darafloresca', 'http://images.ak.instagram.com/profiles/profile_552437509_75sq_1382941165.jpg', '#bestofanime2013 #mikasaackermancosplayer #cosplay #mikasaackermancosplay #shingekinokyojincosplay', '2013-11-15 08:35:52'),
(44, 2, 1380816953, 'http://distilleryimage7.s3.amazonaws.com/13d319fc2c4711e3bb6122000a1f9d92_5.jpg', 'http://distilleryimage7.s3.amazonaws.com/13d319fc2c4711e3bb6122000a1f9d92_6.jpg', 'http://distilleryimage7.s3.amazonaws.com/13d319fc2c4711e3bb6122000a1f9d92_7.jpg', 'darafloresca', 'http://images.ak.instagram.com/profiles/profile_552437509_75sq_1382941165.jpg', '#bestofanime2013 #mikasaackermancosplayer #cosplay #mikasaackermancosplay #shingekinokyojincosplay', '2013-11-15 08:35:52'),
(45, 2, 1380816880, 'http://distilleryimage8.s3.amazonaws.com/e7f624d22c4611e3b4f522000aeb0d4d_5.jpg', 'http://distilleryimage8.s3.amazonaws.com/e7f624d22c4611e3b4f522000aeb0d4d_6.jpg', 'http://distilleryimage8.s3.amazonaws.com/e7f624d22c4611e3b4f522000aeb0d4d_7.jpg', 'darafloresca', 'http://images.ak.instagram.com/profiles/profile_552437509_75sq_1382941165.jpg', '#bestofanime2013 #cosplay #chibimikasa #mikasaackermancosplayer #shingekinokyojincosplay', '2013-11-15 08:35:54'),
(46, 2, 1380730281, 'http://distilleryimage3.s3.amazonaws.com/46e2bcaa2b7d11e3a49c22000a1fb00e_5.jpg', 'http://distilleryimage3.s3.amazonaws.com/46e2bcaa2b7d11e3a49c22000a1fb00e_6.jpg', 'http://distilleryimage3.s3.amazonaws.com/46e2bcaa2b7d11e3a49c22000a1fb00e_7.jpg', 'aleeisthere', 'http://images.ak.instagram.com/profiles/profile_218080902_75sq_1381054699.jpg', 'Who''s the bad guy now? #BestofAnime2013 #cosplay #otaku #philippines #gun #anime', '2013-11-15 08:35:54'),
(47, 2, 1380635408, 'http://distilleryimage7.s3.amazonaws.com/627cb7b42aa011e3945d22000a9f13ca_5.jpg', 'http://distilleryimage7.s3.amazonaws.com/627cb7b42aa011e3945d22000a9f13ca_6.jpg', 'http://distilleryimage7.s3.amazonaws.com/627cb7b42aa011e3945d22000a9f13ca_7.jpg', 'lezzgeriron', 'http://images.ak.instagram.com/profiles/profile_49204975_75sq_1371128876.jpg', 'Friends Forever! Wait, where''s Ash?', '2013-11-15 08:35:54'),
(48, 2, 1380396615, 'http://distilleryimage7.s3.amazonaws.com/66e81042287411e3ab5722000aeb0cb2_5.jpg', 'http://distilleryimage7.s3.amazonaws.com/66e81042287411e3ab5722000aeb0cb2_6.jpg', 'http://distilleryimage7.s3.amazonaws.com/66e81042287411e3ab5722000aeb0cb2_7.jpg', 'ayabarnette', 'http://images.ak.instagram.com/profiles/profile_30539203_75sq_1384082212.jpg', 'So excited for the next #cosplay #convention #bestofanime #bestofanime2013 #Levi #cosplayer #shingekinokyojin #attackontitan', '2013-11-15 08:35:54'),
(49, 2, 1380396438, 'http://distilleryimage5.s3.amazonaws.com/fd3152bc287311e39da022000aeb0f08_5.jpg', 'http://distilleryimage5.s3.amazonaws.com/fd3152bc287311e39da022000aeb0f08_6.jpg', 'http://distilleryimage5.s3.amazonaws.com/fd3152bc287311e39da022000aeb0f08_7.jpg', 'ayabarnette', 'http://images.ak.instagram.com/profiles/profile_30539203_75sq_1384082212.jpg', 'My boyfriend with #cosplayetr #karael #Kirito #kiritofigma #swordartonline #Sao #anime #manga #otaku #bestofanime #bestofanime2013', '2013-11-15 08:35:54'),
(50, 2, 1380174464, 'http://distilleryimage4.s3.amazonaws.com/2a33816a266f11e38e5d22000a1f979a_5.jpg', 'http://distilleryimage4.s3.amazonaws.com/2a33816a266f11e38e5d22000a1f979a_6.jpg', 'http://distilleryimage4.s3.amazonaws.com/2a33816a266f11e38e5d22000a1f979a_7.jpg', 'justlikecarlo', 'http://images.ak.instagram.com/profiles/profile_260253636_75sq_1381286876.jpg', 'Now with Karael Sanguis. Yahoo! #bestofanime2013 #boa2013 #cosplay #karaelsanguis #kirito #swordartonline #igersdaily #igdaily #igers #potd', '2013-11-15 08:35:54'),
(51, 2, 1380174218, 'http://distilleryimage5.s3.amazonaws.com/97f0d6f4266e11e393fe22000a1fcb64_5.jpg', 'http://distilleryimage5.s3.amazonaws.com/97f0d6f4266e11e393fe22000a1fcb64_6.jpg', 'http://distilleryimage5.s3.amazonaws.com/97f0d6f4266e11e393fe22000a1fcb64_7.jpg', 'justlikecarlo', 'http://images.ak.instagram.com/profiles/profile_260253636_75sq_1381286876.jpg', 'Together with @yukigodbless ;) #bestofanime2013 #boa2013 #cosplay #shingekinokyojin #yukigodbless #igers #igersdaily #igdaily #contented #vip', '2013-11-15 08:35:54'),
(52, 2, 1379941436, 'http://distilleryimage5.s3.amazonaws.com/9af33308245011e3aa5922000a1ddaa1_5.jpg', 'http://distilleryimage5.s3.amazonaws.com/9af33308245011e3aa5922000a1ddaa1_6.jpg', 'http://distilleryimage5.s3.amazonaws.com/9af33308245011e3aa5922000a1ddaa1_7.jpg', 'anxye', 'http://images.ak.instagram.com/profiles/profile_245683403_75sq_1382834279.jpg', 'Yep.  He''s the priest.  Believe me. \n#BOA2013 #BestOfAnime2013 #AnimarriageBooth', '2013-11-15 08:35:54'),
(53, 2, 1379915640, 'http://distilleryimage10.s3.amazonaws.com/8b5fc71c241411e3bdcf22000a1fbe62_5.jpg', 'http://distilleryimage10.s3.amazonaws.com/8b5fc71c241411e3bdcf22000a1fbe62_6.jpg', 'http://distilleryimage10.s3.amazonaws.com/8b5fc71c241411e3bdcf22000a1fbe62_7.jpg', 'micahdagoy', 'http://images.ak.instagram.com/profiles/profile_370977137_75sq_1380110655.jpg', 'Bili-bili din ng mga abubot kapag may time. @myrtlegail #lateupload #BestOfAnime2013 #cosplay #booths #DateALive', '2013-11-15 08:35:54'),
(54, 2, 1379864781, 'http://distilleryimage0.s3.amazonaws.com/2099db6e239e11e3ae2622000a1fb7e1_5.jpg', 'http://distilleryimage0.s3.amazonaws.com/2099db6e239e11e3ae2622000a1fb7e1_6.jpg', 'http://distilleryimage0.s3.amazonaws.com/2099db6e239e11e3ae2622000a1fb7e1_7.jpg', 'rennnconchaaa', 'http://images.ak.instagram.com/profiles/profile_35443777_75sq_1380247658.jpg', 'Still cannot forget that day. #bestofanime2013 #jiakidarkness #yukigodbless #cosplay #shingekinokyojin #mikasa #levi #thailanders', '2013-11-15 08:35:54'),
(55, 2, 1379837920, 'http://distilleryimage2.s3.amazonaws.com/96ae9702235f11e3892a22000aeb0bad_5.jpg', 'http://distilleryimage2.s3.amazonaws.com/96ae9702235f11e3892a22000aeb0bad_6.jpg', 'http://distilleryimage2.s3.amazonaws.com/96ae9702235f11e3892a22000aeb0bad_7.jpg', 'darafloresca', 'http://images.ak.instagram.com/profiles/profile_552437509_75sq_1382941165.jpg', 'Cool. #mikasaackerman #shingekinokyojincosplay #bestofanime2013', '2013-11-15 08:35:54'),
(56, 2, 1379837850, 'http://distilleryimage11.s3.amazonaws.com/6cb02182235f11e3b18c22000ae906be_5.jpg', 'http://distilleryimage11.s3.amazonaws.com/6cb02182235f11e3b18c22000ae906be_6.jpg', 'http://distilleryimage11.s3.amazonaws.com/6cb02182235f11e3b18c22000ae906be_7.jpg', 'darafloresca', 'http://images.ak.instagram.com/profiles/profile_552437509_75sq_1382941165.jpg', '#mikasaackerman #erenjaeger #shingekinokyojincosplay #bestofanime2013', '2013-11-15 08:35:54'),
(57, 2, 1379837767, 'http://distilleryimage6.s3.amazonaws.com/3b5893d0235f11e3bf6522000aaa21fa_5.jpg', 'http://distilleryimage6.s3.amazonaws.com/3b5893d0235f11e3bf6522000aaa21fa_6.jpg', 'http://distilleryimage6.s3.amazonaws.com/3b5893d0235f11e3bf6522000aaa21fa_7.jpg', 'darafloresca', 'http://images.ak.instagram.com/profiles/profile_552437509_75sq_1382941165.jpg', 'This is so cool. #mikasaackerman #shingekinokyojincosplay #bestofanime2013', '2013-11-15 08:35:54'),
(58, 2, 1379837701, 'http://distilleryimage6.s3.amazonaws.com/1439e07e235f11e3a91a22000a9e089b_5.jpg', 'http://distilleryimage6.s3.amazonaws.com/1439e07e235f11e3a91a22000a9e089b_6.jpg', 'http://distilleryimage6.s3.amazonaws.com/1439e07e235f11e3a91a22000a9e089b_7.jpg', 'darafloresca', 'http://images.ak.instagram.com/profiles/profile_552437509_75sq_1382941165.jpg', '#erenjaeger #mikasaackerman #shingekinokyojincosplay #bestofanime2013', '2013-11-15 08:35:54'),
(59, 2, 1379833402, 'http://distilleryimage3.s3.amazonaws.com/11a29892235511e381a322000a1fbf20_5.jpg', 'http://distilleryimage3.s3.amazonaws.com/11a29892235511e381a322000a1fbf20_6.jpg', 'http://distilleryimage3.s3.amazonaws.com/11a29892235511e381a322000a1fbf20_7.jpg', 'yp_perkee', 'http://images.ak.instagram.com/profiles/profile_410580272_75sq_1374425024.jpg', 'bj and mamee #bestofanime2013 #perkee', '2013-11-15 08:35:54'),
(60, 2, 1379829821, 'http://distilleryimage2.s3.amazonaws.com/bb03a16e234c11e3b92122000a9e0727_5.jpg', 'http://distilleryimage2.s3.amazonaws.com/bb03a16e234c11e3b92122000a9e0727_6.jpg', 'http://distilleryimage2.s3.amazonaws.com/bb03a16e234c11e3b92122000a9e0727_7.jpg', 'bluebblygum', 'http://images.ak.instagram.com/profiles/profile_513813735_75sq_1376878735.jpg', '#mogumogu #drink #kawaii #boa2013 #bestofanime2013 #bestofanime #cute #mascot  #natadecoco #japan', '2013-11-15 08:35:54'),
(61, 2, 1379823027, 'http://distilleryimage10.s3.amazonaws.com/e997923e233c11e3918b22000aeb45fa_5.jpg', 'http://distilleryimage10.s3.amazonaws.com/e997923e233c11e3918b22000aeb45fa_6.jpg', 'http://distilleryimage10.s3.amazonaws.com/e997923e233c11e3918b22000aeb45fa_7.jpg', 'lezzgeriron', 'http://images.ak.instagram.com/profiles/profile_49204975_75sq_1371128876.jpg', 'Kawaiii girl. Eh eh Alodia', '2013-11-15 08:35:54'),
(62, 2, 1379775653, 'http://distilleryimage1.s3.amazonaws.com/9cbb6c1a22ce11e3bd6322000a1fa42a_5.jpg', 'http://distilleryimage1.s3.amazonaws.com/9cbb6c1a22ce11e3bd6322000a1fa42a_6.jpg', 'http://distilleryimage1.s3.amazonaws.com/9cbb6c1a22ce11e3bd6322000a1fa42a_7.jpg', 'quinnofaster', 'http://images.ak.instagram.com/profiles/profile_27069794_75sq_1384343645.jpg', 'Last minute Greaser!Prussia/Gilbert Beilschmidt cosplay for #bestofanime2013 #aphprussia #aphcosplay #hetaliacosplay', '2013-11-15 08:35:54'),
(63, 2, 1379774508, 'http://distilleryimage2.s3.amazonaws.com/f22d27e022cb11e3af9822000ae910c9_5.jpg', 'http://distilleryimage2.s3.amazonaws.com/f22d27e022cb11e3af9822000ae910c9_6.jpg', 'http://distilleryimage2.s3.amazonaws.com/f22d27e022cb11e3af9822000ae910c9_7.jpg', 'quinnofaster', 'http://images.ak.instagram.com/profiles/profile_27069794_75sq_1384343645.jpg', 'SHSL Better Than You #danganronpa #aph', '2013-11-15 08:35:55'),
(64, 2, 1379772474, 'http://distilleryimage6.s3.amazonaws.com/356756d422c711e3a7ed22000a1f8f24_5.jpg', 'http://distilleryimage6.s3.amazonaws.com/356756d422c711e3a7ed22000a1f8f24_6.jpg', 'http://distilleryimage6.s3.amazonaws.com/356756d422c711e3a7ed22000a1f8f24_7.jpg', 'jean_jerlyn', 'http://images.ak.instagram.com/profiles/profile_399084196_75sq_1383658165.jpg', 'Items from BOA (Best Of Anime) .,dami ko gastos peu sulit nman kase mura lang ! !,haha XD  #otaku #bestofanime2013 ★◇★', '2013-11-15 08:35:55'),
(65, 2, 1379765134, 'http://distilleryimage7.s3.amazonaws.com/1eeff5fc22b611e3b56022000a9f1354_5.jpg', 'http://distilleryimage7.s3.amazonaws.com/1eeff5fc22b611e3b56022000a9f1354_6.jpg', 'http://distilleryimage7.s3.amazonaws.com/1eeff5fc22b611e3b56022000a9f1354_7.jpg', 'micahdagoy', 'http://images.ak.instagram.com/profiles/profile_370977137_75sq_1380110655.jpg', 'Someday I''ll find my Superman. #BestOfAnime2013 #cosplay #superman #superhero #blue #red', '2013-11-15 08:35:55'),
(66, 2, 1379734167, 'http://distilleryimage1.s3.amazonaws.com/04f4b568226e11e3a5e422000aaa08f8_5.jpg', 'http://distilleryimage1.s3.amazonaws.com/04f4b568226e11e3a5e422000aaa08f8_6.jpg', 'http://distilleryimage1.s3.amazonaws.com/04f4b568226e11e3a5e422000aaa08f8_7.jpg', 'ayihmellark', 'http://images.ak.instagram.com/profiles/profile_145369414_75sq_1379734437.jpg', 'With little Mikasa and grown-up Mikasa. ☺ #bestofanime2013 #smx #attackontitan #mikasa #cosplay #shingekinokyojin #photooftheday #igersmanila', '2013-11-15 08:35:55'),
(67, 2, 1379732832, 'http://distilleryimage5.s3.amazonaws.com/e952b060226a11e3af5a22000a9f18fb_5.jpg', 'http://distilleryimage5.s3.amazonaws.com/e952b060226a11e3af5a22000a9f18fb_6.jpg', 'http://distilleryimage5.s3.amazonaws.com/e952b060226a11e3af5a22000a9f18fb_7.jpg', 'anxye', 'http://images.ak.instagram.com/profiles/profile_245683403_75sq_1382834279.jpg', 'ALYSSA. <3\n#Japanese #BestOfAnime2013', '2013-11-15 08:35:55'),
(68, 2, 1379726100, 'http://distilleryimage4.s3.amazonaws.com/3c7825aa225b11e393ab22000aeb0c17_5.jpg', 'http://distilleryimage4.s3.amazonaws.com/3c7825aa225b11e393ab22000aeb0c17_6.jpg', 'http://distilleryimage4.s3.amazonaws.com/3c7825aa225b11e393ab22000aeb0c17_7.jpg', 'ronhicarte', 'http://images.ak.instagram.com/profiles/profile_50351722_75sq_1380246409.jpg', 'Cosplay :) #bestofanime2013', '2013-11-15 08:35:55'),
(69, 2, 1379699648, 'http://distilleryimage6.s3.amazonaws.com/a5e17c8c221d11e3a7d622000a9e298f_5.jpg', 'http://distilleryimage6.s3.amazonaws.com/a5e17c8c221d11e3a7d622000a9e298f_6.jpg', 'http://distilleryimage6.s3.amazonaws.com/a5e17c8c221d11e3a7d622000a9e298f_7.jpg', 'bitchyeyesqueen', 'http://images.ak.instagram.com/profiles/profile_472363189_75sq_1378491347.jpg', 'PARTNERS IN CRIME :) #2013September14 #bestofanime2013 #mallofasia #smxconventioncenter #aegyo #oneofakind #kpoppers #xoxo #asian', '2013-11-15 08:35:55'),
(70, 2, 1379681233, 'http://distilleryimage2.s3.amazonaws.com/c5d3a86a21f211e388bf22000a9f13cb_5.jpg', 'http://distilleryimage2.s3.amazonaws.com/c5d3a86a21f211e388bf22000a9f13cb_6.jpg', 'http://distilleryimage2.s3.amazonaws.com/c5d3a86a21f211e388bf22000a9f13cb_7.jpg', 'raymondsanity', 'http://images.ak.instagram.com/profiles/profile_383348582_75sq_1368828075.jpg', '#BestOfAnime2013 love it! ^_^', '2013-11-15 08:35:55'),
(71, 2, 1379666157, 'http://distilleryimage11.s3.amazonaws.com/ab9374ee21cf11e3938522000aaa21ef_5.jpg', 'http://distilleryimage11.s3.amazonaws.com/ab9374ee21cf11e3938522000aaa21ef_6.jpg', 'http://distilleryimage11.s3.amazonaws.com/ab9374ee21cf11e3938522000aaa21ef_7.jpg', 'nekomae', 'http://images.ak.instagram.com/profiles/profile_8702945_75sq_1379666045.jpg', 'Akb0048!\nIm back on instagram! =p #boa #bestofanime2013 #instagood #picoftheday #akb48 #cosplay #happy #winner #contest #group', '2013-11-15 08:35:55'),
(72, 2, 1379613213, 'http://distilleryimage5.s3.amazonaws.com/66d563ec215411e3979622000a1fb04f_5.jpg', 'http://distilleryimage5.s3.amazonaws.com/66d563ec215411e3979622000a1fb04f_6.jpg', 'http://distilleryimage5.s3.amazonaws.com/66d563ec215411e3979622000a1fb04f_7.jpg', 'bitchyeyesqueen', 'http://images.ak.instagram.com/profiles/profile_472363189_75sq_1378491347.jpg', 'AHMF, THAT''S WHY PALA FAMILIAR ''CAUSE HE''S EYES KINDA LOOK LIKE #CHOIMINHO OPPA .. HE''S SO KIND EVEN IF PA-ULET-ULET AKONG ITINUTULAK NG SISTERET KO TO HAVE PICTURES WITH HIM, ANG AWKWARD TULOY, HOHO :O GOMAWO >.< 내가 당신을 좋아 NAEGA DANGSIN-EUL JOH-A " .Hihi ^_^ JUST KIDDIN'' #BestOfAnime #bestofanime2013 #BOA2013 #anime #animelover #cosplay #cosplayer #cosplayerlover #cosplaying #cute #aegyo #crush #oneofakind #kpop  #IGmanila #FollowMe #teamfollowback #TFLikers', '2013-11-15 08:35:55'),
(73, 2, 1379611522, 'http://distilleryimage3.s3.amazonaws.com/76956d12215011e3bad822000a9f3047_5.jpg', 'http://distilleryimage3.s3.amazonaws.com/76956d12215011e3bad822000a9f3047_6.jpg', 'http://distilleryimage3.s3.amazonaws.com/76956d12215011e3bad822000a9f3047_7.jpg', 'bitchyeyesqueen', 'http://images.ak.instagram.com/profiles/profile_472363189_75sq_1378491347.jpg', 'I THINK HE''S FAMILIAR KASHE,EH.. PARANG I SAW HIM NA DATI.. AY! BASTA! EHEMF :O EHEMF :O .KAHIT NA I DUNNO IF WHAT YUNG KINO-COSPLAY NIYA . NAG-LAKAS-LOOB PA RIN AKONG MAKIPAG-PICTURE WITH HIM EVEN IF PA-SHY EFFECT.. HEHE :) SEEMS LIKE GUSTO KO NA TULOY NGAYON ANG COSPLAY.. HOHO :O #BestOfAnime #BestOfAnime2013 #BOA2013 #cosplay #cosplayer #cosplaying #cosplayerlover #anime #animelover #cute #oneofakind #SMXconventioncenter', '2013-11-15 08:35:55'),
(74, 2, 1379610928, 'http://distilleryimage8.s3.amazonaws.com/147d7fda214f11e383f522000a1f9016_5.jpg', 'http://distilleryimage8.s3.amazonaws.com/147d7fda214f11e383f522000a1f9016_6.jpg', 'http://distilleryimage8.s3.amazonaws.com/147d7fda214f11e383f522000a1f9016_7.jpg', 'bitchyeyesqueen', 'http://images.ak.instagram.com/profiles/profile_472363189_75sq_1378491347.jpg', 'Eh, Kashe Nga, Among All Of The Cosplayers Dun Sha #BestOfAnime2013 Ay Siya Ang Una Kong Napansin.. Nahiya Naman Ako Sha Height Niya, Para Tuloy Akong Kulang Sa Height Dyan.. Bdw, Kamsahamnida For This :) Hoho #MyFeels dejoke :) #2013September14 #BestOfAnime #BOA2013 #anime #cosplay #cosplayer #cosplaying #cute #SMXconventioncenter', '2013-11-15 08:35:55'),
(75, 2, 1379606398, 'http://distilleryimage2.s3.amazonaws.com/88d1eb6a214411e3aa5922000a1ddaa1_5.jpg', 'http://distilleryimage2.s3.amazonaws.com/88d1eb6a214411e3aa5922000a1ddaa1_6.jpg', 'http://distilleryimage2.s3.amazonaws.com/88d1eb6a214411e3aa5922000a1ddaa1_7.jpg', 'gyazu_iu', 'http://images.ak.instagram.com/profiles/profile_275203018_75sq_1383309160.jpg', 'Best of Anime 2013. We gor married. #BestofAnime2013 #BoA2013 #Day2', '2013-11-15 08:35:55'),
(76, 2, 1379603692, 'http://distilleryimage9.s3.amazonaws.com/3bb553ea213e11e3984222000ae801ef_5.jpg', 'http://distilleryimage9.s3.amazonaws.com/3bb553ea213e11e3984222000ae801ef_6.jpg', 'http://distilleryimage9.s3.amazonaws.com/3bb553ea213e11e3984222000ae801ef_7.jpg', 'ayihmellark', 'http://images.ak.instagram.com/profiles/profile_145369414_75sq_1379734437.jpg', '#photooftheday #igersmanila #bestofanime2013 #smx #picoftheday', '2013-11-15 08:35:55'),
(77, 2, 1379593406, 'http://distilleryimage6.s3.amazonaws.com/48caeb2a212611e3bb2322000a1fb131_5.jpg', 'http://distilleryimage6.s3.amazonaws.com/48caeb2a212611e3bb2322000a1fb131_6.jpg', 'http://distilleryimage6.s3.amazonaws.com/48caeb2a212611e3bb2322000a1fb131_7.jpg', 'aegyolei', 'http://images.ak.instagram.com/profiles/profile_233485282_75sq_1378901534.jpg', 'Parang ang sungit nung nasa pinakang-kaliwa. Hihi ^^ #bestofanime2013 #cosplay #instapic #tagsforlike', '2013-11-15 08:35:55'),
(78, 2, 1379592983, 'http://distilleryimage8.s3.amazonaws.com/4c7f4276212511e3974122000a9e2969_5.jpg', 'http://distilleryimage8.s3.amazonaws.com/4c7f4276212511e3974122000a9e2969_6.jpg', 'http://distilleryimage8.s3.amazonaws.com/4c7f4276212511e3974122000a9e2969_7.jpg', 'aegyolei', 'http://images.ak.instagram.com/profiles/profile_233485282_75sq_1378901534.jpg', 'Cute Cosplay Couple ^^ #cute #cosplay #couple #bestofanime2013 #instapic', '2013-11-15 08:35:55'),
(79, 2, 1379592761, 'http://distilleryimage6.s3.amazonaws.com/c8981596212411e3984e22000a9d0de0_5.jpg', 'http://distilleryimage6.s3.amazonaws.com/c8981596212411e3984e22000a9d0de0_6.jpg', 'http://distilleryimage6.s3.amazonaws.com/c8981596212411e3984e22000a9d0de0_7.jpg', 'aegyolei', 'http://images.ak.instagram.com/profiles/profile_233485282_75sq_1378901534.jpg', '#bestofanime2013 #cosplay #goodevening #instapic', '2013-11-15 08:35:57'),
(80, 2, 1379588702, 'http://distilleryimage5.s3.amazonaws.com/550fbc2c211b11e3843f22000a9e0722_5.jpg', 'http://distilleryimage5.s3.amazonaws.com/550fbc2c211b11e3843f22000a9e0722_6.jpg', 'http://distilleryimage5.s3.amazonaws.com/550fbc2c211b11e3843f22000a9e0722_7.jpg', 'jeanloveschii', 'http://images.ak.instagram.com/profiles/profile_48732600_75sq_1369655534.jpg', 'Haha! hindi talaga ako makaget-over sa pangyayaring ito :))) <3 w/ Inoue Joe #BestOfAnime2013', '2013-11-15 08:35:57'),
(81, 2, 1379581451, 'http://distilleryimage5.s3.amazonaws.com/72e82ec0210a11e3b39c22000a1f8adc_5.jpg', 'http://distilleryimage5.s3.amazonaws.com/72e82ec0210a11e3b39c22000a1f8adc_6.jpg', 'http://distilleryimage5.s3.amazonaws.com/72e82ec0210a11e3b39c22000a1f8adc_7.jpg', 'maccaroni_and_cheese', 'http://images.ak.instagram.com/profiles/profile_293726367_75sq_1382787881.jpg', 'My picture with @jiakidarkness and YukiGodbless during the day 2 of Best of Anime! #cosplay #cosplayers #bestdayever #bestofanime #bestofanime2013 #boa #boa2013', '2013-11-15 08:35:57'),
(82, 2, 1379560486, 'http://distilleryimage4.s3.amazonaws.com/a2b486ca20d911e3b7ab22000a1f90e7_5.jpg', 'http://distilleryimage4.s3.amazonaws.com/a2b486ca20d911e3b7ab22000a1f90e7_6.jpg', 'http://distilleryimage4.s3.amazonaws.com/a2b486ca20d911e3b7ab22000a1f90e7_7.jpg', 'raizamaechacha', 'http://images.ak.instagram.com/profiles/profile_183144037_75sq_1381835754.jpg', 'Another shot from #Bestofanime2013  last Sunday ^^', '2013-11-15 08:35:57'),
(83, 2, 1379554534, 'http://distilleryimage0.s3.amazonaws.com/c735939420cb11e3951b22000ae9142b_5.jpg', 'http://distilleryimage0.s3.amazonaws.com/c735939420cb11e3951b22000ae9142b_6.jpg', 'http://distilleryimage0.s3.amazonaws.com/c735939420cb11e3951b22000ae9142b_7.jpg', 'raizamaechacha', 'http://images.ak.instagram.com/profiles/profile_183144037_75sq_1381835754.jpg', 'Watcha lookin at? #judal #cosplay #magi #Bestofanime2013', '2013-11-15 08:35:57'),
(84, 2, 1379498639, 'http://distilleryimage0.s3.amazonaws.com/a32ec39e204911e3b03622000a9e5e29_5.jpg', 'http://distilleryimage0.s3.amazonaws.com/a32ec39e204911e3b03622000a9e5e29_6.jpg', 'http://distilleryimage0.s3.amazonaws.com/a32ec39e204911e3b03622000a9e5e29_7.jpg', 'tcha14', 'http://images.ak.instagram.com/profiles/profile_23765016_75sq_1384012628.jpg', 'Oh mga bata wag kayong mawawala. Hanggang sa susunod na pagkikita. Paalam! Kame hame waaaaaaaave! #bestofanime2013 #dragonball #songoku #kakarot #pinoydubbers #pinoyvoiceactors', '2013-11-15 08:35:57'),
(85, 2, 1379497324, 'http://distilleryimage4.s3.amazonaws.com/93400df6204611e387a522000aeb4589_5.jpg', 'http://distilleryimage4.s3.amazonaws.com/93400df6204611e387a522000aeb4589_6.jpg', 'http://distilleryimage4.s3.amazonaws.com/93400df6204611e387a522000aeb4589_7.jpg', 'nyrab23', 'http://images.ak.instagram.com/profiles/profile_294151419_75sq_1374558900.jpg', 'Cardcaptor sakura and me... And ehhhem with matching pedobear at the back.. Photo taken during #bestofanime2013 at smx convention center mall of asia.... #cardcaptorsakura #alexmercer #prototype #pedobear #moa #BoA2013', '2013-11-15 08:35:57'),
(86, 2, 1379480909, 'http://distilleryimage0.s3.amazonaws.com/5ba13760202011e387d322000a1dda92_5.jpg', 'http://distilleryimage0.s3.amazonaws.com/5ba13760202011e387d322000a1dda92_6.jpg', 'http://distilleryimage0.s3.amazonaws.com/5ba13760202011e387d322000a1dda92_7.jpg', 'nyrab23', 'http://images.ak.instagram.com/profiles/profile_294151419_75sq_1374558900.jpg', 'Heavy rain and traffic wont stop us... hehe... Photo taken by kathlyn david during #bestofanime2013  at smx convention center mall of asia.. #BoA2013 #smx #moa #alexmercer #prototype #diy #cosplay.. Facebook.com/nyrab.card', '2013-11-15 08:35:57'),
(87, 2, 1379434335, 'http://distilleryimage0.s3.amazonaws.com/eb20df2a1fb311e3ab3e22000a1fb352_5.jpg', 'http://distilleryimage0.s3.amazonaws.com/eb20df2a1fb311e3ab3e22000a1fb352_6.jpg', 'http://distilleryimage0.s3.amazonaws.com/eb20df2a1fb311e3ab3e22000a1fb352_7.jpg', 'perfectlyclumsy', 'http://images.ak.instagram.com/profiles/profile_48736148_75sq_1369669075.jpg', 'Yung maliit na Mikasa!!! Kawaii :3 #snk #bestofanime2013', '2013-11-15 08:35:57'),
(88, 2, 1379424891, 'http://distilleryimage4.s3.amazonaws.com/ee2d353a1f9d11e3a5f122000a1f96b9_5.jpg', 'http://distilleryimage4.s3.amazonaws.com/ee2d353a1f9d11e3a5f122000a1f96b9_6.jpg', 'http://distilleryimage4.s3.amazonaws.com/ee2d353a1f9d11e3a5f122000a1f96b9_7.jpg', 'legacyhunter', 'http://images.ak.instagram.com/profiles/profile_220246361_75sq_1356052583.jpg', 'I asked for a commision they were offering in the convention. Guaahh i am so happy and very inspired just by looking at this magnificence! I want to thank the person who drew BRSB, shes very lovely x3 i wish to know your name someday ^^ (since i forgot to ask *orz* and also i can properly say that this is your drawing too *otl* i wanted to add the sig but instagram wanna crop ;-;) #drawing #BRSB #commision #bestofanime2013 #bestofanime', '2013-11-15 08:35:57'),
(89, 2, 1379424844, 'http://distilleryimage9.s3.amazonaws.com/d1e3c7541f9d11e38aa422000a1fbcf5_5.jpg', 'http://distilleryimage9.s3.amazonaws.com/d1e3c7541f9d11e38aa422000a1fbcf5_6.jpg', 'http://distilleryimage9.s3.amazonaws.com/d1e3c7541f9d11e38aa422000a1fbcf5_7.jpg', 'kentai15', 'http://images.ak.instagram.com/profiles/profile_193097702_75sq_1376213274.jpg', 'With Doraemon! #bestofanime2013', '2013-11-15 08:35:57'),
(90, 2, 1379424037, 'http://distilleryimage10.s3.amazonaws.com/f0ce76a21f9b11e38a2722000a9f1925_5.jpg', 'http://distilleryimage10.s3.amazonaws.com/f0ce76a21f9b11e38a2722000a9f1925_6.jpg', 'http://distilleryimage10.s3.amazonaws.com/f0ce76a21f9b11e38a2722000a9f1925_7.jpg', 'tcha14', 'http://images.ak.instagram.com/profiles/profile_23765016_75sq_1384012628.jpg', 'Uhm, Weiss, the camera''s over there. Promoting #LArcMNL by ambushing the cosplayers heh! #RWBY #bestofanime2013 #weissschnee #larcenciel', '2013-11-15 08:35:57'),
(91, 2, 1379423208, 'http://distilleryimage7.s3.amazonaws.com/02adbb3c1f9a11e382d422000a9e516a_5.jpg', 'http://distilleryimage7.s3.amazonaws.com/02adbb3c1f9a11e382d422000a9e516a_6.jpg', 'http://distilleryimage7.s3.amazonaws.com/02adbb3c1f9a11e382d422000a9e516a_7.jpg', 'legacyhunter', 'http://images.ak.instagram.com/profiles/profile_220246361_75sq_1356052583.jpg', '#pandorahearts #pocketwatch #bestofanime2013 #bestofanime', '2013-11-15 08:35:57'),
(92, 2, 1379423062, 'http://distilleryimage5.s3.amazonaws.com/abb740501f9911e380b322000a1f9c82_5.jpg', 'http://distilleryimage5.s3.amazonaws.com/abb740501f9911e380b322000a1f9c82_6.jpg', 'http://distilleryimage5.s3.amazonaws.com/abb740501f9911e380b322000a1f9c82_7.jpg', 'legacyhunter', 'http://images.ak.instagram.com/profiles/profile_220246361_75sq_1356052583.jpg', 'Yet anoyher one from Pandora hearts #PandoraHearts #pocketwatch #bestofanime2013 #bestofanime', '2013-11-15 08:35:57'),
(93, 2, 1379422990, 'http://distilleryimage9.s3.amazonaws.com/80ed9f361f9911e3a5d322000a1f90e5_5.jpg', 'http://distilleryimage9.s3.amazonaws.com/80ed9f361f9911e3a5d322000a1f90e5_6.jpg', 'http://distilleryimage9.s3.amazonaws.com/80ed9f361f9911e3a5d322000a1f90e5_7.jpg', 'legacyhunter', 'http://images.ak.instagram.com/profiles/profile_220246361_75sq_1356052583.jpg', 'This is what i got from the event. Black Rock Shooter bishieeesse >83 #bestofanime #bestofanime2013 #psvita #blackrockshooter', '2013-11-15 08:35:57'),
(94, 2, 1379422783, 'http://distilleryimage5.s3.amazonaws.com/0585f1721f9911e390e022000aeb0fa3_5.jpg', 'http://distilleryimage5.s3.amazonaws.com/0585f1721f9911e390e022000aeb0fa3_6.jpg', 'http://distilleryimage5.s3.amazonaws.com/0585f1721f9911e390e022000aeb0fa3_7.jpg', 'legacyhunter', 'http://images.ak.instagram.com/profiles/profile_220246361_75sq_1356052583.jpg', 'Muaha random guy xD hey man. #dragonnest #bestofanime2013 #bestofanime #cosplay', '2013-11-15 08:35:57'),
(95, 2, 1379422410, 'http://distilleryimage11.s3.amazonaws.com/2735b4a21f9811e3926322000aaa0aa5_5.jpg', 'http://distilleryimage11.s3.amazonaws.com/2735b4a21f9811e3926322000aaa0aa5_6.jpg', 'http://distilleryimage11.s3.amazonaws.com/2735b4a21f9811e3926322000aaa0aa5_7.jpg', 'legacyhunter', 'http://images.ak.instagram.com/profiles/profile_220246361_75sq_1356052583.jpg', 'More pics from the Best Of Anime coming soon :) #Gundam #bestofanime2013 #bestofanime', '2013-11-15 08:35:57'),
(96, 2, 1379420673, 'http://distilleryimage11.s3.amazonaws.com/1ba846761f9411e3917a22000a9f1587_5.jpg', 'http://distilleryimage11.s3.amazonaws.com/1ba846761f9411e3917a22000a9f1587_6.jpg', 'http://distilleryimage11.s3.amazonaws.com/1ba846761f9411e3917a22000a9f1587_7.jpg', 'tcha14', 'http://images.ak.instagram.com/profiles/profile_23765016_75sq_1384012628.jpg', 'Me and young #mikasaackerman at the #bestofanime2013 she''s sooooooo cute! I wanna take her home. If you notice, i''m still promoting #LArcMNL ;) #shingekinokyojin #attackontitan', '2013-11-15 08:35:57'),
(97, 2, 1379417495, 'http://distilleryimage6.s3.amazonaws.com/b5a7e25c1f8c11e3a11822000a1fbb84_5.jpg', 'http://distilleryimage6.s3.amazonaws.com/b5a7e25c1f8c11e3a11822000a1fbb84_6.jpg', 'http://distilleryimage6.s3.amazonaws.com/b5a7e25c1f8c11e3a11822000a1fbb84_7.jpg', 'anxye', 'http://images.ak.instagram.com/profiles/profile_245683403_75sq_1382834279.jpg', '#BestOfAnime2013 #BOA2013 #smx #japan #cosplay #anime', '2013-11-15 08:35:57'),
(98, 2, 1379417448, 'http://distilleryimage6.s3.amazonaws.com/998ada661f8c11e3913e22000ae8004c_5.jpg', 'http://distilleryimage6.s3.amazonaws.com/998ada661f8c11e3913e22000ae8004c_6.jpg', 'http://distilleryimage6.s3.amazonaws.com/998ada661f8c11e3913e22000ae8004c_7.jpg', 'anxye', 'http://images.ak.instagram.com/profiles/profile_245683403_75sq_1382834279.jpg', '#BestOfAnime2013 #BOA2013 #smx #japan #anime #cosplay', '2013-11-15 08:35:58'),
(99, 2, 1379417399, 'http://distilleryimage8.s3.amazonaws.com/7c2a823c1f8c11e389b122000a9f18c4_5.jpg', 'http://distilleryimage8.s3.amazonaws.com/7c2a823c1f8c11e389b122000a9f18c4_6.jpg', 'http://distilleryimage8.s3.amazonaws.com/7c2a823c1f8c11e389b122000a9f18c4_7.jpg', 'anxye', 'http://images.ak.instagram.com/profiles/profile_245683403_75sq_1382834279.jpg', '#BestOfAnime2013 #BOA2013 #smx #anime #japan #cosplay', '2013-11-15 08:35:58'),
(100, 2, 1379417341, 'http://distilleryimage8.s3.amazonaws.com/59b58f3a1f8c11e39d1322000ab5c007_5.jpg', 'http://distilleryimage8.s3.amazonaws.com/59b58f3a1f8c11e39d1322000ab5c007_6.jpg', 'http://distilleryimage8.s3.amazonaws.com/59b58f3a1f8c11e39d1322000ab5c007_7.jpg', 'anxye', 'http://images.ak.instagram.com/profiles/profile_245683403_75sq_1382834279.jpg', '#BestOfAnime2013 #BOA2013 #smx #anime #japan #Gundam', '2013-11-15 08:35:58'),
(101, 2, 1379417284, 'http://distilleryimage9.s3.amazonaws.com/3831e2fa1f8c11e3879222000ae9142f_5.jpg', 'http://distilleryimage9.s3.amazonaws.com/3831e2fa1f8c11e3879222000ae9142f_6.jpg', 'http://distilleryimage9.s3.amazonaws.com/3831e2fa1f8c11e3879222000ae9142f_7.jpg', 'anxye', 'http://images.ak.instagram.com/profiles/profile_245683403_75sq_1382834279.jpg', '#BestOfAnime2013 #BOA2013 #smx #cosplay #japan #anime', '2013-11-15 08:35:58'),
(102, 2, 1379417245, 'http://distilleryimage1.s3.amazonaws.com/20ab66b01f8c11e3b55122000a1f9be7_5.jpg', 'http://distilleryimage1.s3.amazonaws.com/20ab66b01f8c11e3b55122000a1f9be7_6.jpg', 'http://distilleryimage1.s3.amazonaws.com/20ab66b01f8c11e3b55122000a1f9be7_7.jpg', 'ajchaaan', 'http://images.ak.instagram.com/profiles/profile_180896025_75sq_1384075927.jpg', 'From #bestofanime2013 :") #ShingekiNoKyojin #ErenJaeger #otaku', '2013-11-15 08:35:58'),
(103, 2, 1379417181, 'http://distilleryimage5.s3.amazonaws.com/fa90aefe1f8b11e3b2fa22000aeb43cf_5.jpg', 'http://distilleryimage5.s3.amazonaws.com/fa90aefe1f8b11e3b2fa22000aeb43cf_6.jpg', 'http://distilleryimage5.s3.amazonaws.com/fa90aefe1f8b11e3b2fa22000aeb43cf_7.jpg', 'anxye', 'http://images.ak.instagram.com/profiles/profile_245683403_75sq_1382834279.jpg', '#BestOfAnime2013 #BOA2013 #smx #cosplay #japan #anime', '2013-11-15 08:35:58'),
(104, 2, 1379415117, 'http://distilleryimage7.s3.amazonaws.com/2c0a8d421f8711e3a49722000aaa05c4_5.jpg', 'http://distilleryimage7.s3.amazonaws.com/2c0a8d421f8711e3a49722000aaa05c4_6.jpg', 'http://distilleryimage7.s3.amazonaws.com/2c0a8d421f8711e3a49722000aaa05c4_7.jpg', 'heyhodgepodge', 'http://images.ak.instagram.com/profiles/profile_336392819_75sq_1364332518.jpg', 'Our very own Doby now has an FB page - Kigurumi Doby! Like his page, will you? ?? facebook.com/kigurumidoby', '2013-11-15 08:35:58'),
(105, 2, 1379413784, 'http://distilleryimage5.s3.amazonaws.com/11ef01fc1f8411e38a2722000a9f1925_5.jpg', 'http://distilleryimage5.s3.amazonaws.com/11ef01fc1f8411e38a2722000a9f1925_6.jpg', 'http://distilleryimage5.s3.amazonaws.com/11ef01fc1f8411e38a2722000a9f1925_7.jpg', 'maccaroni_and_cheese', 'http://images.ak.instagram.com/profiles/profile_293726367_75sq_1382787881.jpg', 'My picture with Karel Sanguis! I''ll patiently wait until they upload my picture with JiakiDarkness and YukiGodbless :)) #boa #boa2013 #bestofanime #bestofanime2013 #bestdayever #karael #karaelsanguis #cosplay', '2013-11-15 08:35:58'),
(106, 2, 1379403943, 'http://distilleryimage8.s3.amazonaws.com/27e4fb361f6d11e3802a22000a9f3c9c_5.jpg', 'http://distilleryimage8.s3.amazonaws.com/27e4fb361f6d11e3802a22000a9f3c9c_6.jpg', 'http://distilleryimage8.s3.amazonaws.com/27e4fb361f6d11e3802a22000a9f3c9c_7.jpg', 'jiakidarkness', 'http://images.ak.instagram.com/profiles/profile_440832994_75sq_1376307678.jpg', '#Day 2 #bestofanime2013 #philippines #cosplay #event #jiakidarkness #yukigodbless', '2013-11-15 08:35:58'),
(107, 2, 1379373944, 'http://distilleryimage3.s3.amazonaws.com/4f5f16381f2711e3b95b22000a1fab39_5.jpg', 'http://distilleryimage3.s3.amazonaws.com/4f5f16381f2711e3b95b22000a1fab39_6.jpg', 'http://distilleryimage3.s3.amazonaws.com/4f5f16381f2711e3b95b22000a1fab39_7.jpg', 'jiggyjesz', 'http://images.ak.instagram.com/profiles/profile_46469332_75sq_1363951923.jpg', 'Aside from #mibf, #boa2013 was also held last weekend at #smx. You''d see tons of #cosplayers but none of ''em  touched my kokoro like #pedobear did. But first, he needs cash to bribe the kids with & get his #freehugs! ???', '2013-11-15 08:35:58'),
(108, 2, 1379340119, 'http://distilleryimage2.s3.amazonaws.com/8dbe3fb61ed811e3867a22000a9f1266_5.jpg', 'http://distilleryimage2.s3.amazonaws.com/8dbe3fb61ed811e3867a22000a9f1266_6.jpg', 'http://distilleryimage2.s3.amazonaws.com/8dbe3fb61ed811e3867a22000a9f1266_7.jpg', 'jepoixd', 'http://images.ak.instagram.com/profiles/profile_467392166_75sq_1374102444.jpg', '##Cosplay #anime #koroko #Mitsui', '2013-11-15 08:35:58'),
(109, 2, 1379255986, 'http://distilleryimage2.s3.amazonaws.com/ab05b50a1e1411e3906622000a9e03eb_5.jpg', 'http://distilleryimage2.s3.amazonaws.com/ab05b50a1e1411e3906622000a9e03eb_6.jpg', 'http://distilleryimage2.s3.amazonaws.com/ab05b50a1e1411e3906622000a9e03eb_7.jpg', 'maxwinde', 'http://images.ak.instagram.com/profiles/profile_25711877_75sq_1376173674.jpg', 'One of the participants at the Best of Anime 2013 convention.', '2013-11-15 08:35:58'),
(110, 2, 1379350431, 'http://distilleryimage2.s3.amazonaws.com/903571341ef011e38dc022000ae90fd2_5.jpg', 'http://distilleryimage2.s3.amazonaws.com/903571341ef011e38dc022000ae90fd2_6.jpg', 'http://distilleryimage2.s3.amazonaws.com/903571341ef011e38dc022000ae90fd2_7.jpg', 'juanredpanda', 'http://images.ak.instagram.com/profiles/profile_286748207_75sq_1383970043.jpg', 'with le #HomeStuck friends Gleigh Jheriza & Faith woth their friend.. #CaptJackSparrow #JackSparrow #cosplay #cosplayer #BestofAnime2013 #BoA2013 #PotC', '2013-11-15 08:35:58'),
(111, 2, 1379349831, 'http://distilleryimage3.s3.amazonaws.com/2a9648181eef11e3800122000aeb0c37_5.jpg', 'http://distilleryimage3.s3.amazonaws.com/2a9648181eef11e3800122000aeb0c37_6.jpg', 'http://distilleryimage3.s3.amazonaws.com/2a9648181eef11e3800122000aeb0c37_7.jpg', 'juanredpanda', 'http://images.ak.instagram.com/profiles/profile_286748207_75sq_1383970043.jpg', '#HandsomeOrv as #MagicalGirl #Madoka #genderbend and #FF7 Vincent with a #CaptJackSparrow twist.. #cosplayer #cosplay #JackSparrow #BestofAnime2013 #BoA2013 #PotC', '2013-11-15 08:35:58'),
(112, 2, 1379349658, 'http://distilleryimage3.s3.amazonaws.com/c35e1f221eee11e3bede22000aeb43a7_5.jpg', 'http://distilleryimage3.s3.amazonaws.com/c35e1f221eee11e3bede22000aeb43a7_6.jpg', 'http://distilleryimage3.s3.amazonaws.com/c35e1f221eee11e3bede22000aeb43a7_7.jpg', 'juanredpanda', 'http://images.ak.instagram.com/profiles/profile_286748207_75sq_1383970043.jpg', 'John as a rogue #Jedi , @nyrab23 as Guy #DaftPunk and me as #BobaFett or #BobaFunk in this event and #HotD #cosplayer .. #BestofAnime2013 #BoA2013 #cosplay #Lightsaber #Lightsabers', '2013-11-15 08:35:58'),
(113, 2, 1379349418, 'http://distilleryimage7.s3.amazonaws.com/3452bf0e1eee11e38bf022000a9f139a_5.jpg', 'http://distilleryimage7.s3.amazonaws.com/3452bf0e1eee11e38bf022000a9f139a_6.jpg', 'http://distilleryimage7.s3.amazonaws.com/3452bf0e1eee11e38bf022000a9f139a_7.jpg', 'juanredpanda', 'http://images.ak.instagram.com/profiles/profile_286748207_75sq_1383970043.jpg', 'the two greatest #pirates there is.. #CaptJackSparrow & #Luffy at #BestofAnime2013 .. #cosplay #JackSparrow #PotC #OnePiece #BoA2013', '2013-11-15 08:35:58'),
(114, 2, 1379344034, 'http://distilleryimage5.s3.amazonaws.com/ab4858421ee111e39b0e22000a9f12cb_5.jpg', 'http://distilleryimage5.s3.amazonaws.com/ab4858421ee111e39b0e22000a9f12cb_6.jpg', 'http://distilleryimage5.s3.amazonaws.com/ab4858421ee111e39b0e22000a9f12cb_7.jpg', 'blackmage101', 'http://images.ak.instagram.com/profiles/profile_46733815_75sq_1367762757.jpg', '???', '2013-11-15 08:35:58');

-- --------------------------------------------------------

--
-- Table structure for table `event_lists`
--

CREATE TABLE IF NOT EXISTS `event_lists` (
  `id` int(11) NOT NULL AUTO_INCREMENT,
  `photo_id` int(11) DEFAULT NULL,
  `name` text NOT NULL,
  `description` text,
  `email` text,
  `venue` text,
  `main_org` text NOT NULL,
  `lat` double DEFAULT NULL,
  `long` double DEFAULT NULL,
  `start_at` date NOT NULL,
  `end_at` date NOT NULL,
  `facebook` text,
  `twitter` text,
  `website` text,
  `hashtag` text,
  `private` tinyint(1) NOT NULL,
  `created_by` text NOT NULL,
  `created_at` timestamp NOT NULL DEFAULT CURRENT_TIMESTAMP,
  PRIMARY KEY (`id`)
) ENGINE=InnoDB  DEFAULT CHARSET=utf8 AUTO_INCREMENT=5 ;

--
-- Dumping data for table `event_lists`
--

INSERT INTO `event_lists` (`id`, `photo_id`, `name`, `description`, `email`, `venue`, `main_org`, `lat`, `long`, `start_at`, `end_at`, `facebook`, `twitter`, `website`, `hashtag`, `private`, `created_by`, `created_at`) VALUES
(2, 13, 'Best of Anime 2013', 'The Best of Anime&quot; has consistently reached thousands of visitors for the past four momentous years. Last year, the two-day event had more than 10,000 visitors who trooped to the venue to experience and witness once more what &ldquo;The Best of Anime&rdquo; showcased and offered. The anime convention had featured an impressive roster of talents, cosplayers, activities, and much more. Moreover, the convention has extended its horizons and upgraded the local Anime Conventions by having the Japanese-American Multi-talented musician Joe Inoue, and JPop Idol Group, Starmarie to include the growing list of international guests, which had begun with Japanese visual-kei rock band, Uchusentai Noiz. Pointing out the other various highlights from the previous year were the Cosplay and Quickdraw Competitions, Battle of the Bands, Fashion Show, and Various workshops.	', 'boa@primetradeasia.com', 'SM Convention Center, Pasay city. Hall 3 - 5.', '6', 14.532128856890111, 120.98262548446655, '2013-09-14', '2013-09-15', 'bestofanime', 'bestofanime', 'bestofanime', 'bestofanime2013', 0, 'aldrich.barcenas@gmail.com', '2013-11-07 04:36:17'),
(3, 18, 'Animax Carnival Philiipines 2013', 'This year&#039;s Animax Carnival combines exciting Japanese carnival games, Anime-inspired booths, and the highly anticipated cosplay competition!\n\nBut, we&#039;re not stopping there! Find out more what we have in store for you...	', 'info@animaxasia.com', 'Trinoma, Event Grounds. Quezon City Manila.', '6', 14.652682958143942, 121.03358745574951, '2013-12-08', '2013-12-08', 'animaxasiatv', 'animaxasiatv', 'animax-asia.com/phcarnival', 'animaxcarnival', 0, 'aldrich.barcenas@gmail.com', '2013-11-08 03:20:06'),
(4, 57, 'UP AME Festival', 'As UP AME celebrates its 13th year, we bring you AME FEST!\nAME FEST is composed of four different and exciting events that will surely make your November a memorable one!	', 'execom@up-ame.org', 'UP Diliman Campus', '6', 14.65102216753507, 121.06710433959961, '2013-11-12', '2013-11-23', 'upame', 'upame', 'amefest.up-ame.org/', 'upame', 0, 'aldrich.barcenas@gmail.com', '2013-11-10 15:20:16');

-- --------------------------------------------------------

--
-- Table structure for table `event_organizations`
--

CREATE TABLE IF NOT EXISTS `event_organizations` (
  `id` int(11) NOT NULL AUTO_INCREMENT,
  `event_id` int(11) NOT NULL,
  `org_id` int(11) NOT NULL,
  `created_at` timestamp NOT NULL DEFAULT CURRENT_TIMESTAMP,
  PRIMARY KEY (`id`)
) ENGINE=InnoDB DEFAULT CHARSET=utf8 AUTO_INCREMENT=1 ;

-- --------------------------------------------------------

--
-- Table structure for table `event_posters`
--

CREATE TABLE IF NOT EXISTS `event_posters` (
  `id` int(11) NOT NULL AUTO_INCREMENT,
  `event_id` int(11) NOT NULL,
  `photo_id` int(11) NOT NULL,
  `created_at` timestamp NOT NULL DEFAULT CURRENT_TIMESTAMP,
  PRIMARY KEY (`id`)
) ENGINE=InnoDB  DEFAULT CHARSET=utf8 AUTO_INCREMENT=36 ;

--
-- Dumping data for table `event_posters`
--

INSERT INTO `event_posters` (`id`, `event_id`, `photo_id`, `created_at`) VALUES
(31, 2, 53, '2013-11-08 10:22:24'),
(32, 2, 54, '2013-11-08 10:22:24'),
(33, 2, 55, '2013-11-08 10:22:25'),
(34, 4, 58, '2013-11-10 15:36:34'),
(35, 4, 59, '2013-11-10 15:36:34');

-- --------------------------------------------------------

--
-- Table structure for table `event_tickets`
--

CREATE TABLE IF NOT EXISTS `event_tickets` (
  `id` int(11) NOT NULL AUTO_INCREMENT,
  `event_id` int(11) NOT NULL,
  `price` int(11) NOT NULL,
  `note` text NOT NULL,
  `created_at` timestamp NOT NULL DEFAULT CURRENT_TIMESTAMP,
  PRIMARY KEY (`id`)
) ENGINE=InnoDB  DEFAULT CHARSET=utf8 AUTO_INCREMENT=3 ;

--
-- Dumping data for table `event_tickets`
--

INSERT INTO `event_tickets` (`id`, `event_id`, `price`, `note`, `created_at`) VALUES
(1, 2, 250, 'Regular Ticket', '2013-11-10 08:54:09'),
(2, 2, 350, 'Meet and Greet with Joe Inoe', '2013-11-10 08:54:43');

-- --------------------------------------------------------

--
-- Table structure for table `organizations`
--

CREATE TABLE IF NOT EXISTS `organizations` (
  `id` int(11) NOT NULL AUTO_INCREMENT,
  `photo_id` int(11) DEFAULT NULL,
  `name` text NOT NULL,
  `description` text NOT NULL,
  `facebook` text NOT NULL,
  `twitter` text NOT NULL,
  `website` text NOT NULL,
  `email` text NOT NULL,
  `created_by` text NOT NULL,
  `created_at` timestamp NOT NULL DEFAULT CURRENT_TIMESTAMP,
  PRIMARY KEY (`id`)
) ENGINE=InnoDB  DEFAULT CHARSET=utf8 AUTO_INCREMENT=8 ;

--
-- Dumping data for table `organizations`
--

INSERT INTO `organizations` (`id`, `photo_id`, `name`, `description`, `facebook`, `twitter`, `website`, `email`, `created_by`, `created_at`) VALUES
(1, 1, 'Anime Alliance Philippines', 'blah blah	blah	', 'animeallianceph', 'aap', 'ph.animealliance.asia', 'ph.animealliance.asia', 'aldrich.barcenas@gmail.com', '2013-11-06 07:09:42'),
(2, 2, 'Cosplay Philippines', 'blah blah	', 'cosplayph', 'cosplayph', 'cosplay.ph', 'cosplay.ph', 'aldrich.barcenas@gmail.com', '2013-11-06 07:11:41'),
(3, 3, 'Naruto Cosplayers Philippines', 'blah blah yadi yar yar yat', 'ncph', 'ncph', 'narutocosplayersph.com', 'ncph@gmail.com', 'aldrich.barcenas@gmail.com', '2013-11-06 08:40:14'),
(4, 4, 'Cosplay Network Philippines', 'Blah Blah lorem ispum lor	', 'cnpn', 'cnph', 'ncph.com', 'ncph@gmail.com', 'aldrich.barcenas@gmail.com', '2013-11-06 08:52:07'),
(5, 5, 'Primetrade Asia', 'Primetrade Asia, Inc.&rsquo;s maiden event, the annual Manila International Book Fair, now celebrates its third decade of bringing books and the joy of reading to the Filipino public, and still draws an ever-growing crowd by the thousands on its five-day run. In the years past, the company has supplemented the book fair with co-located events to cater to book lovers&rsquo; other diverse interests:  Superkids, an early childhood development conference; The Best of Anime, an anime convention; and Dimensions of Wellness, a holistic health and wellness fair. ', 'primetradeasia', 'primestradeasia', 'primetradeasia.com', 'info@primetradeasia.com', 'aldrich.barcenas@gmail.com', '2013-11-07 04:25:42'),
(6, 14, 'Animax Asia', 'Launched on 1 January 2004, Animax is Asia&rsquo;s first channel brand specializing in Japanese animation &ndash; anime. Animax offers a wide variety of anime programs from across the most popular genres including action, romance, horror, supernatural, comedy to slice-of-life.	', 'animaxasiatv', 'animaxasiatv', 'www.animax-asia.com', '', 'aldrich.barcenas@gmail.com', '2013-11-08 03:17:32'),
(7, 56, 'Anime Manga Enthusiast', 'the University of the Philippines Anime Manga Enthusiasts is a College of Arts and Letters based non-political and non-sectarian organization which aims to gather anime and manga enthusiasts all over UP Diliman. The organization also exists to provide an atmosphere for an open exchange of ideas and share in-depth information on the nature of anime and manga.	', 'upame', 'upame', 'up-ame.org/', '', 'aldrich.barcenas@gmail.com', '2013-11-10 15:17:50');

-- --------------------------------------------------------

--
-- Table structure for table `photos`
--

CREATE TABLE IF NOT EXISTS `photos` (
  `id` int(11) NOT NULL AUTO_INCREMENT,
  `date` text NOT NULL,
  `filename` text NOT NULL,
  `created_at` timestamp NOT NULL DEFAULT CURRENT_TIMESTAMP,
  PRIMARY KEY (`id`)
) ENGINE=InnoDB  DEFAULT CHARSET=utf8 AUTO_INCREMENT=60 ;

--
-- Dumping data for table `photos`
--

INSERT INTO `photos` (`id`, `date`, `filename`, `created_at`) VALUES
(1, '2013-11-06', '54e2b8cd67223a37d7ec36aba.jpg', '2013-11-06 07:09:42'),
(2, '2013-11-06', '0bd55cace9740e08b2c5490a7.jpg', '2013-11-06 07:11:41'),
(3, '2013-11-06', 'df8757e39dbe259ff3de2f72c.jpg', '2013-11-06 08:48:20'),
(4, '2013-11-06', '760c432d9e936a86bc7ff3f6c.jpg', '2013-11-06 09:10:33'),
(5, '2013-11-07', '785dc3095265d94c6fe0c9608.jpg', '2013-11-07 04:25:41'),
(13, '2013-11-07', 'c37bad84ecb39868f03cb740a.jpg', '2013-11-07 04:36:17'),
(14, '2013-11-08', 'dbc1ffa6a138f580605d0c622.jpg', '2013-11-08 03:17:32'),
(15, '2013-11-08', 'f66a46448f7a49b284755f537.jpg', '2013-11-08 03:19:17'),
(16, '2013-11-08', '4e5218549b73ee2885990c877.jpg', '2013-11-08 03:19:26'),
(17, '2013-11-08', '65b673daa276c62aededdd80d.jpg', '2013-11-08 03:20:06'),
(18, '2013-11-08', '63480044155283f6064105358.jpg', '2013-11-08 05:03:03'),
(53, '2013-11-08', '1e5f012d26f148f73b2410823.jpg', '2013-11-08 10:22:24'),
(54, '2013-11-08', '902fae6d1f19bf1757375f209.jpg', '2013-11-08 10:22:24'),
(55, '2013-11-08', '9538e1e304bfbad6bd180721c.jpg', '2013-11-08 10:22:25'),
(56, '2013-11-10', 'aa90b4838c9fc0e3bf40b882e.jpg', '2013-11-10 15:18:26'),
(57, '2013-11-10', 'c8076f0797429adc73095fc4f.jpg', '2013-11-10 15:20:16'),
(58, '2013-11-10', 'f3563f98702ddcb7156c7dc8c.jpg', '2013-11-10 15:36:34'),
(59, '2013-11-10', 'ceac2edc0c028222b9c4e54b2.jpg', '2013-11-10 15:36:34');

-- --------------------------------------------------------

--
-- Table structure for table `regions`
--

CREATE TABLE IF NOT EXISTS `regions` (
  `id` int(11) NOT NULL AUTO_INCREMENT,
  `location` text NOT NULL,
  `lat` double NOT NULL,
  `long` double NOT NULL,
  `created_at` timestamp NOT NULL DEFAULT CURRENT_TIMESTAMP,
  PRIMARY KEY (`id`)
) ENGINE=InnoDB  DEFAULT CHARSET=utf8 AUTO_INCREMENT=4 ;

--
-- Dumping data for table `regions`
--

INSERT INTO `regions` (`id`, `location`, `lat`, `long`, `created_at`) VALUES
(1, 'Pasay - Mall of Asia', 14.533597946166992, 120.9837417602539, '2013-11-07 09:41:43'),
(2, 'Mandaluyong - Megamall', 14.583246001954471, 121.05715066194534, '2013-11-07 09:43:35'),
(3, 'North EDSA - SM/Trinoma', 14.653056634296368, 121.03740692138672, '2013-11-08 03:27:10');

-- --------------------------------------------------------

--
-- Table structure for table `users`
--

CREATE TABLE IF NOT EXISTS `users` (
  `id` int(11) NOT NULL AUTO_INCREMENT,
  `email` text NOT NULL,
  `username` tinytext NOT NULL,
  `salt` text NOT NULL,
  `hash` text NOT NULL,
  `type` enum('admin') NOT NULL,
  `su` tinyint(1) NOT NULL,
  `created_at` timestamp NOT NULL DEFAULT CURRENT_TIMESTAMP,
  PRIMARY KEY (`id`)
) ENGINE=InnoDB  DEFAULT CHARSET=utf8 AUTO_INCREMENT=13 ;

--
-- Dumping data for table `users`
--

INSERT INTO `users` (`id`, `email`, `username`, `salt`, `hash`, `type`, `su`, `created_at`) VALUES
(12, 'aldrich.barcenas@gmail.com', 'abarcenas', 'FfWhwqeK0huCLEe1MlvuFDx88wxl0nE/eQqBn84X65k=', 'QwF1mhUJGLmHefOOhNodBC9tDlaxNoWXjyXAu+tGcvA=', 'admin', 0, '2013-11-04 10:45:48');

/*!40101 SET CHARACTER_SET_CLIENT=@OLD_CHARACTER_SET_CLIENT */;
/*!40101 SET CHARACTER_SET_RESULTS=@OLD_CHARACTER_SET_RESULTS */;
/*!40101 SET COLLATION_CONNECTION=@OLD_COLLATION_CONNECTION */;
